Title,Image,Link
"LORELEI X6 Over-Ear Headphones with Microphone, Lightweight Foldable & Portable Stereo Bass Headphones with 1.45M No-Tangle, Wired Headphones for Smartphone Tablet MP3 / 4 (Space Black)",https://m.media-amazon.com/images/I/61+tA0bjw5L._AC_UY218_.jpg,https://www.amazon.com/sspa/click?ie=UTF8&spc=MTo1Mjg1ODM4NzU3MTU5MzI4OjE3NDU4MTkxMDc6c3BfYXRmOjIwMDA0NDY1MTQ2MDE5ODo6MDo6&url=%2FLORELEI-X6-Headphones-Microphone-Lightweight%2Fdp%2FB083P1HG9S%2Fref%3Dsr_1_1_sspa%3Fdib%3DeyJ2IjoiMSJ9._a-zYBCFRaoHdCPdjE_wcMVxgN1OTMrV7gu23dZx5dWskxTTiPpkBKq1M8_PbRDV46I9CJBQefre-KYZVU8dhfCNDR-meRCDY7ViYFmNemfiKQyiMXjANfPynS2f3owGlX9I3rrDFcc32ENsqqczK8qVdNRKe5yTHowynk_bK19_MDawYx1hQhv8WoTd7DzyimAOglvON41u9-kH-kw-OYkPuawFJ0FPhYgmIaJkMDU.KNp3jY87F-1tasKEWDX37u6ovPvbcsf4VULItyeLQhk%26dib_tag%3Dse%26keywords%3Dhead%2Bphones%26qid%3D1745819107%26sr%3D8-1-spons%26sp_csd%3Dd2lkZ2V0TmFtZT1zcF9hdGY%26psc%3D1
"ZIHNIC Bluetooth Headphones, Foldable Wireless and Wired Stereo Headset Micro SD/TF, FM for Cell Phone,PC,Soft Earmuffs &Light Weight for Prolonged Wearing (Black/Blue)",https://m.media-amazon.com/images/I/4111O0zPEzL._AC_UY218_.jpg,https://www.amazon.com/sspa/click?ie=UTF8&spc=MTo1Mjg1ODM4NzU3MTU5MzI4OjE3NDU4MTkxMDc6c3BfYXRmOjMwMDY4MTQ0MDMwNzUwMjo6MDo6&url=%2FWireless-Over-Ear-Bluetooth-Headphones-Prolonged%2Fdp%2FB07QGVMCJG%2Fref%3Dsr_1_2_sspa%3Fdib%3DeyJ2IjoiMSJ9._a-zYBCFRaoHdCPdjE_wcMVxgN1OTMrV7gu23dZx5dWskxTTiPpkBKq1M8_PbRDV46I9CJBQefre-KYZVU8dhfCNDR-meRCDY7ViYFmNemfiKQyiMXjANfPynS2f3owGlX9I3rrDFcc32ENsqqczK8qVdNRKe5yTHowynk_bK19_MDawYx1hQhv8WoTd7DzyimAOglvON41u9-kH-kw-OYkPuawFJ0FPhYgmIaJkMDU.KNp3jY87F-1tasKEWDX37u6ovPvbcsf4VULItyeLQhk%26dib_tag%3Dse%26keywords%3Dhead%2Bphones%26qid%3D1745819107%26sr%3D8-2-spons%26sp_csd%3Dd2lkZ2V0TmFtZT1zcF9hdGY%26psc%3D1
"Wireless Earbuds, 2025 Ear Buds with Big Bass Stereo Sound, Lightweight Bluetooth Earbuds with 48 Hours Playtime, in-Ear Fit Earphones, IPX7, Hands-Free Calls with AI for iPhone, Android, Pad",https://m.media-amazon.com/images/I/61zn4FzsUWL._AC_UY218_.jpg,https://www.amazon.com/ZZU-Lightweight-Bluetooth-Earphones-Hands-Free/dp/B0DWZQLMY9/ref=sr_1_3?dib=eyJ2IjoiMSJ9._a-zYBCFRaoHdCPdjE_wcMVxgN1OTMrV7gu23dZx5dWskxTTiPpkBKq1M8_PbRDV46I9CJBQefre-KYZVU8dhfCNDR-meRCDY7ViYFmNemfiKQyiMXjANfPynS2f3owGlX9I3rrDFcc32ENsqqczK8qVdNRKe5yTHowynk_bK19_MDawYx1hQhv8WoTd7DzyimAOglvON41u9-kH-kw-OYkPuawFJ0FPhYgmIaJkMDU.KNp3jY87F-1tasKEWDX37u6ovPvbcsf4VULItyeLQhk&dib_tag=se&keywords=head+phones&qid=1745819107&sr=8-3
"JBL Tune 720BT - Wireless Over-Ear Headphones with JBL Pure Bass Sound, Bluetooth 5.3, Up to 76H Battery Life and Speed Charge, Lightweight, Comfortable and Foldable Design (Black)",https://m.media-amazon.com/images/I/61EL2AKKcBL._AC_UY218_.jpg,https://www.amazon.com/JBL-TUNE-720BT-Lightweight-comfortable/dp/B0CTBCDD6D/ref=sr_1_4?dib=eyJ2IjoiMSJ9._a-zYBCFRaoHdCPdjE_wcMVxgN1OTMrV7gu23dZx5dWskxTTiPpkBKq1M8_PbRDV46I9CJBQefre-KYZVU8dhfCNDR-meRCDY7ViYFmNemfiKQyiMXjANfPynS2f3owGlX9I3rrDFcc32ENsqqczK8qVdNRKe5yTHowynk_bK19_MDawYx1hQhv8WoTd7DzyimAOglvON41u9-kH-kw-OYkPuawFJ0FPhYgmIaJkMDU.KNp3jY87F-1tasKEWDX37u6ovPvbcsf4VULItyeLQhk&dib_tag=se&keywords=head+phones&qid=1745819107&sr=8-4
"Wireless Bluetooth Over Ear Headphones Up to 28H Battery Life Headset with Microphone Gym Overhead Headphones Compatible with iOS & Android Mobile Phones, Computers, Laptop (Pink)",https://m.media-amazon.com/images/I/61Yia+-e0+L._AC_UY218_.jpg,https://www.amazon.com/AUDALA-Bluetooth-Headphones-Microphone-Compatible/dp/B0DZS4GWBK/ref=sr_1_5?dib=eyJ2IjoiMSJ9._a-zYBCFRaoHdCPdjE_wcMVxgN1OTMrV7gu23dZx5dWskxTTiPpkBKq1M8_PbRDV46I9CJBQefre-KYZVU8dhfCNDR-meRCDY7ViYFmNemfiKQyiMXjANfPynS2f3owGlX9I3rrDFcc32ENsqqczK8qVdNRKe5yTHowynk_bK19_MDawYx1hQhv8WoTd7DzyimAOglvON41u9-kH-kw-OYkPuawFJ0FPhYgmIaJkMDU.KNp3jY87F-1tasKEWDX37u6ovPvbcsf4VULItyeLQhk&dib_tag=se&keywords=head+phones&qid=1745819107&sr=8-5
"JBL Tune 510BT - Bluetooth headphones with up to 40 hours battery, microphone for call, foldable and comfortable, Android and iOs compatible (Black)",https://m.media-amazon.com/images/I/61kFL7ywsZS._AC_UY218_.jpg,https://www.amazon.com/JBL-Tune-510BT-Ear-Headphones/dp/B08WM3LMJF/ref=sr_1_6?dib=eyJ2IjoiMSJ9._a-zYBCFRaoHdCPdjE_wcMVxgN1OTMrV7gu23dZx5dWskxTTiPpkBKq1M8_PbRDV46I9CJBQefre-KYZVU8dhfCNDR-meRCDY7ViYFmNemfiKQyiMXjANfPynS2f3owGlX9I3rrDFcc32ENsqqczK8qVdNRKe5yTHowynk_bK19_MDawYx1hQhv8WoTd7DzyimAOglvON41u9-kH-kw-OYkPuawFJ0FPhYgmIaJkMDU.KNp3jY87F-1tasKEWDX37u6ovPvbcsf4VULItyeLQhk&dib_tag=se&keywords=head+phones&qid=1745819107&sr=8-6
"Amazon Basics Bluetooth Headphones with Microphone, Wireless, On Ear, 35 Hour Playtime, Foldable, One Size, Black",https://m.media-amazon.com/images/I/712wyKsNmML._AC_UY218_.jpg,https://www.amazon.com/sspa/click?ie=UTF8&spc=MTo1Mjg1ODM4NzU3MTU5MzI4OjE3NDU4MTkxMDc6c3BfbXRmOjMwMDEyNDY4MjcyODUwMjo6MDo6&url=%2FAmazon-Basics-Bluetooth-Wireless-Headphones%2Fdp%2FB0BVM1PSYN%2Fref%3Dsr_1_7_ffob_sspa%3Fdib%3DeyJ2IjoiMSJ9._a-zYBCFRaoHdCPdjE_wcMVxgN1OTMrV7gu23dZx5dWskxTTiPpkBKq1M8_PbRDV46I9CJBQefre-KYZVU8dhfCNDR-meRCDY7ViYFmNemfiKQyiMXjANfPynS2f3owGlX9I3rrDFcc32ENsqqczK8qVdNRKe5yTHowynk_bK19_MDawYx1hQhv8WoTd7DzyimAOglvON41u9-kH-kw-OYkPuawFJ0FPhYgmIaJkMDU.KNp3jY87F-1tasKEWDX37u6ovPvbcsf4VULItyeLQhk%26dib_tag%3Dse%26keywords%3Dhead%2Bphones%26qid%3D1745819107%26sr%3D8-7-spons%26sp_csd%3Dd2lkZ2V0TmFtZT1zcF9tdGY%26psc%3D1
"Picun B8 Bluetooth Headphones, 120H Playtime Headphones Wireless Bluetooth with 3 EQ Modes, Low Latency, Hands-Free Calls, Over Ear Headphones for Travel Home Office Cellphone PC Black",https://m.media-amazon.com/images/I/714leNyXHIL._AC_UY218_.jpg,https://www.amazon.com/Picun-B8-Bluetooth-Headphones-Hands-Free/dp/B0CFV9XR2Q/ref=sr_1_8?dib=eyJ2IjoiMSJ9._a-zYBCFRaoHdCPdjE_wcMVxgN1OTMrV7gu23dZx5dWskxTTiPpkBKq1M8_PbRDV46I9CJBQefre-KYZVU8dhfCNDR-meRCDY7ViYFmNemfiKQyiMXjANfPynS2f3owGlX9I3rrDFcc32ENsqqczK8qVdNRKe5yTHowynk_bK19_MDawYx1hQhv8WoTd7DzyimAOglvON41u9-kH-kw-OYkPuawFJ0FPhYgmIaJkMDU.KNp3jY87F-1tasKEWDX37u6ovPvbcsf4VULItyeLQhk&dib_tag=se&keywords=head+phones&qid=1745819107&sr=8-8
"JBL Vibe Beam - True Wireless JBL Deep Bass Sound Earbuds, Bluetooth 5.2, Water & Dust Resistant, Hands-free call with VoiceAware, Up to 32 hours of battery life (Black)",https://m.media-amazon.com/images/I/41+1Csr1pSL._AC_UY218_.jpg,https://www.amazon.com/JBL-Vibe-Beam-Wireless-Headphones/dp/B0BQPNMXQV/ref=sr_1_9?dib=eyJ2IjoiMSJ9._a-zYBCFRaoHdCPdjE_wcMVxgN1OTMrV7gu23dZx5dWskxTTiPpkBKq1M8_PbRDV46I9CJBQefre-KYZVU8dhfCNDR-meRCDY7ViYFmNemfiKQyiMXjANfPynS2f3owGlX9I3rrDFcc32ENsqqczK8qVdNRKe5yTHowynk_bK19_MDawYx1hQhv8WoTd7DzyimAOglvON41u9-kH-kw-OYkPuawFJ0FPhYgmIaJkMDU.KNp3jY87F-1tasKEWDX37u6ovPvbcsf4VULItyeLQhk&dib_tag=se&keywords=head+phones&qid=1745819107&sr=8-9
"BERIBES Bluetooth Headphones Over Ear, 65H Playtime and 6 EQ Music Modes Wireless Headphones with Microphone, HiFi Stereo Foldable Lightweight Headset, Deep Bass for Home Office Cellphone PC Ect.",https://m.media-amazon.com/images/I/71F2ccIPPLL._AC_UY218_.jpg,https://www.amazon.com/BERIBES-Bluetooth-Headphones-Microphone-Lightweight/dp/B09LYF2ST7/ref=sr_1_10?dib=eyJ2IjoiMSJ9._a-zYBCFRaoHdCPdjE_wcMVxgN1OTMrV7gu23dZx5dWskxTTiPpkBKq1M8_PbRDV46I9CJBQefre-KYZVU8dhfCNDR-meRCDY7ViYFmNemfiKQyiMXjANfPynS2f3owGlX9I3rrDFcc32ENsqqczK8qVdNRKe5yTHowynk_bK19_MDawYx1hQhv8WoTd7DzyimAOglvON41u9-kH-kw-OYkPuawFJ0FPhYgmIaJkMDU.KNp3jY87F-1tasKEWDX37u6ovPvbcsf4VULItyeLQhk&dib_tag=se&keywords=head+phones&qid=1745819107&sr=8-10
"Beats Solo 4 - Wireless Bluetooth On-Ear Headphones, Apple & Android Compatible, Up to 50 Hours of Battery Life - Matte Black",https://m.media-amazon.com/images/I/515FE+S4yLL._AC_UY218_.jpg,https://www.amazon.com/Beats-Solo-Wireless-Headphones-Matte/dp/B0CZPLV566/ref=sr_1_11?dib=eyJ2IjoiMSJ9._a-zYBCFRaoHdCPdjE_wcMVxgN1OTMrV7gu23dZx5dWskxTTiPpkBKq1M8_PbRDV46I9CJBQefre-KYZVU8dhfCNDR-meRCDY7ViYFmNemfiKQyiMXjANfPynS2f3owGlX9I3rrDFcc32ENsqqczK8qVdNRKe5yTHowynk_bK19_MDawYx1hQhv8WoTd7DzyimAOglvON41u9-kH-kw-OYkPuawFJ0FPhYgmIaJkMDU.KNp3jY87F-1tasKEWDX37u6ovPvbcsf4VULItyeLQhk&dib_tag=se&keywords=head+phones&qid=1745819107&sr=8-11
"RORSOU R10 Over-Ear Headphones with Microphone, Lightweight Folding Stereo Bass Headphones with 1.5M No-Tangle Cord, Portable Wired Headphones for Smartphone Tablet Computer MP3 / 4 (Black)",https://m.media-amazon.com/images/I/61z-rTknwVS._AC_UY218_.jpg,https://www.amazon.com/sspa/click?ie=UTF8&spc=MTo1Mjg1ODM4NzU3MTU5MzI4OjE3NDU4MTkxMDc6c3BfbXRmOjIwMDE1NjgxNjIxOTc5ODo6MDo6&url=%2FRORSOU-R10-Headphones-Microphone-Lightweight%2Fdp%2FB094NC89P9%2Fref%3Dsr_1_12_sspa%3Fdib%3DeyJ2IjoiMSJ9._a-zYBCFRaoHdCPdjE_wcMVxgN1OTMrV7gu23dZx5dWskxTTiPpkBKq1M8_PbRDV46I9CJBQefre-KYZVU8dhfCNDR-meRCDY7ViYFmNemfiKQyiMXjANfPynS2f3owGlX9I3rrDFcc32ENsqqczK8qVdNRKe5yTHowynk_bK19_MDawYx1hQhv8WoTd7DzyimAOglvON41u9-kH-kw-OYkPuawFJ0FPhYgmIaJkMDU.KNp3jY87F-1tasKEWDX37u6ovPvbcsf4VULItyeLQhk%26dib_tag%3Dse%26keywords%3Dhead%2Bphones%26qid%3D1745819107%26sr%3D8-12-spons%26sp_csd%3Dd2lkZ2V0TmFtZT1zcF9tdGY%26psc%3D1
"Beats Studio Pro - Wireless Bluetooth Noise Cancelling Headphones - Personalized Spatial Audio, USB-C Lossless Audio, Apple & Android Compatibility, Up to 40 Hours Battery Life - Sandstone",https://m.media-amazon.com/images/I/51t0IE0zjaL._AC_UY218_.jpg,https://www.amazon.com/Beats-Studio-Pro-Personalized-Compatibility/dp/B0C8PSMPTH/ref=sr_1_13?dib=eyJ2IjoiMSJ9._a-zYBCFRaoHdCPdjE_wcMVxgN1OTMrV7gu23dZx5dWskxTTiPpkBKq1M8_PbRDV46I9CJBQefre-KYZVU8dhfCNDR-meRCDY7ViYFmNemfiKQyiMXjANfPynS2f3owGlX9I3rrDFcc32ENsqqczK8qVdNRKe5yTHowynk_bK19_MDawYx1hQhv8WoTd7DzyimAOglvON41u9-kH-kw-OYkPuawFJ0FPhYgmIaJkMDU.KNp3jY87F-1tasKEWDX37u6ovPvbcsf4VULItyeLQhk&dib_tag=se&keywords=head+phones&qid=1745819107&sr=8-13
"Sony WH-CH520 Wireless Headphones Bluetooth On-Ear Headset with Microphone, Black New",https://m.media-amazon.com/images/I/41lArSiD5hL._AC_UY218_.jpg,https://www.amazon.com/Sony-WH-CH520-Headphones-Bluetooth-Microphone/dp/B0BS1PRC4L/ref=sr_1_14?dib=eyJ2IjoiMSJ9._a-zYBCFRaoHdCPdjE_wcMVxgN1OTMrV7gu23dZx5dWskxTTiPpkBKq1M8_PbRDV46I9CJBQefre-KYZVU8dhfCNDR-meRCDY7ViYFmNemfiKQyiMXjANfPynS2f3owGlX9I3rrDFcc32ENsqqczK8qVdNRKe5yTHowynk_bK19_MDawYx1hQhv8WoTd7DzyimAOglvON41u9-kH-kw-OYkPuawFJ0FPhYgmIaJkMDU.KNp3jY87F-1tasKEWDX37u6ovPvbcsf4VULItyeLQhk&dib_tag=se&keywords=head+phones&qid=1745819107&sr=8-14
"Wireless Earbuds 75hrs Bluetooth 5.4 Headphone Sport, 2025 Bluetooth Earbuds Stereo Deep Bass Over Ear Bud with Earhooks, ENC Noise Cancelling Mic, IPX7 Waterproof Earphone for Workout/Running",https://m.media-amazon.com/images/I/71NMUHszF4L._AC_UY218_.jpg,https://www.amazon.com/Wireless-Bluetooth-Headphone-Cancelling-Waterproof/dp/B0CSXV3GK4/ref=sr_1_15?dib=eyJ2IjoiMSJ9._a-zYBCFRaoHdCPdjE_wcMVxgN1OTMrV7gu23dZx5dWskxTTiPpkBKq1M8_PbRDV46I9CJBQefre-KYZVU8dhfCNDR-meRCDY7ViYFmNemfiKQyiMXjANfPynS2f3owGlX9I3rrDFcc32ENsqqczK8qVdNRKe5yTHowynk_bK19_MDawYx1hQhv8WoTd7DzyimAOglvON41u9-kH-kw-OYkPuawFJ0FPhYgmIaJkMDU.KNp3jY87F-1tasKEWDX37u6ovPvbcsf4VULItyeLQhk&dib_tag=se&keywords=head+phones&qid=1745819107&sr=8-15
"Beats Studio Buds - True Wireless Noise Cancelling Earbuds - Compatible with Apple & Android, Built-in Microphone, IPX4 Rating, Sweat Resistant Earphones, Class 1 Bluetooth Headphones - Red",https://m.media-amazon.com/images/I/51utxdpV8cS._AC_UY218_.jpg,https://www.amazon.com/Beats-Studio-Cancelling-Earbuds-Built-Bluetooth-Headphones/dp/B096SSCV5K/ref=sr_1_16?dib=eyJ2IjoiMSJ9._a-zYBCFRaoHdCPdjE_wcMVxgN1OTMrV7gu23dZx5dWskxTTiPpkBKq1M8_PbRDV46I9CJBQefre-KYZVU8dhfCNDR-meRCDY7ViYFmNemfiKQyiMXjANfPynS2f3owGlX9I3rrDFcc32ENsqqczK8qVdNRKe5yTHowynk_bK19_MDawYx1hQhv8WoTd7DzyimAOglvON41u9-kH-kw-OYkPuawFJ0FPhYgmIaJkMDU.KNp3jY87F-1tasKEWDX37u6ovPvbcsf4VULItyeLQhk&dib_tag=se&keywords=head+phones&qid=1745819107&sr=8-16
"OneOdio A70 Bluetooth Over Ear Headphones, Wireless Headphones with 72H Playtime, Hi-Res, 3.5mm/6.35mm Wired Audio Jack for Studio Monitor & Mixing DJ Guitar AMP, Computer Laptop PC Tablet - Black",https://m.media-amazon.com/images/I/71lPvenXPLL._AC_UY218_.jpg,https://www.amazon.com/sspa/click?ie=UTF8&spc=MTo1Mjg1ODM4NzU3MTU5MzI4OjE3NDU4MTkxMDc6c3BfbXRmOjMwMDcwMTc1ODEyOTkwMjo6MDo6&url=%2FOneOdio-Bluetooth-Headphones-Share-Port-Professional%2Fdp%2FB07MQQS88Q%2Fref%3Dsr_1_17_sspa%3Fdib%3DeyJ2IjoiMSJ9._a-zYBCFRaoHdCPdjE_wcMVxgN1OTMrV7gu23dZx5dWskxTTiPpkBKq1M8_PbRDV46I9CJBQefre-KYZVU8dhfCNDR-meRCDY7ViYFmNemfiKQyiMXjANfPynS2f3owGlX9I3rrDFcc32ENsqqczK8qVdNRKe5yTHowynk_bK19_MDawYx1hQhv8WoTd7DzyimAOglvON41u9-kH-kw-OYkPuawFJ0FPhYgmIaJkMDU.KNp3jY87F-1tasKEWDX37u6ovPvbcsf4VULItyeLQhk%26dib_tag%3Dse%26keywords%3Dhead%2Bphones%26qid%3D1745819107%26sr%3D8-17-spons%26sp_csd%3Dd2lkZ2V0TmFtZT1zcF9tdGY%26psc%3D1
"Wireless Earbuds, Sports Bluetooth Headphones, Ear Buds with 80hr Playtime, Noise Canceling, LED Power Display, IPX7 Waterproof Earphones for Workout/Running Black",https://m.media-amazon.com/images/I/71cmAChhQKL._AC_UY218_.jpg,https://www.amazon.com/Bcaikair-Bluetooth-Headphones-Canceling-Waterproof/dp/B0F1TSCLSH/ref=sr_1_18?dib=eyJ2IjoiMSJ9._a-zYBCFRaoHdCPdjE_wcMVxgN1OTMrV7gu23dZx5dWskxTTiPpkBKq1M8_PbRDV46I9CJBQefre-KYZVU8dhfCNDR-meRCDY7ViYFmNemfiKQyiMXjANfPynS2f3owGlX9I3rrDFcc32ENsqqczK8qVdNRKe5yTHowynk_bK19_MDawYx1hQhv8WoTd7DzyimAOglvON41u9-kH-kw-OYkPuawFJ0FPhYgmIaJkMDU.KNp3jY87F-1tasKEWDX37u6ovPvbcsf4VULItyeLQhk&dib_tag=se&keywords=head+phones&qid=1745819107&sr=8-18
"JBL Tune 520BT - Wireless On-Ear Headphones, Up to 57H Battery Life and Speed Charge, Lightweight, Comfortable and Foldable Design, Hands-Free Calls with Voice Aware (Purple)",https://m.media-amazon.com/images/I/61mz7WxnjdL._AC_UY218_.jpg,https://www.amazon.com/JBL-Tune-520BT-Ear-Lightweight/dp/B0CQ1HP3RX/ref=sr_1_19?dib=eyJ2IjoiMSJ9._a-zYBCFRaoHdCPdjE_wcMVxgN1OTMrV7gu23dZx5dWskxTTiPpkBKq1M8_PbRDV46I9CJBQefre-KYZVU8dhfCNDR-meRCDY7ViYFmNemfiKQyiMXjANfPynS2f3owGlX9I3rrDFcc32ENsqqczK8qVdNRKe5yTHowynk_bK19_MDawYx1hQhv8WoTd7DzyimAOglvON41u9-kH-kw-OYkPuawFJ0FPhYgmIaJkMDU.KNp3jY87F-1tasKEWDX37u6ovPvbcsf4VULItyeLQhk&dib_tag=se&keywords=head+phones&qid=1745819107&sr=8-19
Wireless Earbuds Bluetooth 5.4 Headphones Bass Stereo Ear Buds with Noise Cancelling Mic LED Display in Ear Earphones IP7 Waterproof 36H Playtime for Laptop Pad Phones Sports Workout Rose Gold,https://m.media-amazon.com/images/I/71h+kOBUWqL._AC_UY218_.jpg,https://www.amazon.com/Bluetooth-Headphones-Cancelling-Earphones-Waterproof/dp/B0CX1TJ228/ref=sr_1_20?dib=eyJ2IjoiMSJ9._a-zYBCFRaoHdCPdjE_wcMVxgN1OTMrV7gu23dZx5dWskxTTiPpkBKq1M8_PbRDV46I9CJBQefre-KYZVU8dhfCNDR-meRCDY7ViYFmNemfiKQyiMXjANfPynS2f3owGlX9I3rrDFcc32ENsqqczK8qVdNRKe5yTHowynk_bK19_MDawYx1hQhv8WoTd7DzyimAOglvON41u9-kH-kw-OYkPuawFJ0FPhYgmIaJkMDU.KNp3jY87F-1tasKEWDX37u6ovPvbcsf4VULItyeLQhk&dib_tag=se&keywords=head+phones&qid=1745819107&sr=8-20
"kurdene Wireless Earbuds Bluetooth 5.3 in Ear Buds Light Weight Headphones,Deep Bass Sound,Built in Mics Headset,Clear Calls Earphones for Sports Workout",https://m.media-amazon.com/images/I/715fNrGN+ML._AC_UY218_.jpg,https://www.amazon.com/kurdene-Bluetooth-Light-Weight-Headphones-Earphones/dp/B0D635YLCT/ref=sr_1_21?dib=eyJ2IjoiMSJ9._a-zYBCFRaoHdCPdjE_wcMVxgN1OTMrV7gu23dZx5dWskxTTiPpkBKq1M8_PbRDV46I9CJBQefre-KYZVU8dhfCNDR-meRCDY7ViYFmNemfiKQyiMXjANfPynS2f3owGlX9I3rrDFcc32ENsqqczK8qVdNRKe5yTHowynk_bK19_MDawYx1hQhv8WoTd7DzyimAOglvON41u9-kH-kw-OYkPuawFJ0FPhYgmIaJkMDU.KNp3jY87F-1tasKEWDX37u6ovPvbcsf4VULItyeLQhk&dib_tag=se&keywords=head+phones&qid=1745819107&sr=8-21
"Picun B8 Bluetooth Headphones, 120H Playtime Headphones Wireless Bluetooth with 3 EQ Modes, Low Latency, Hands-Free Calls, Over Ear Headphones for Travel Home Office Cellphone PC Black",https://m.media-amazon.com/images/I/714leNyXHIL._AC_UY218_.jpg,https://www.amazon.com/sspa/click?ie=UTF8&spc=MTo1Mjg1ODM4NzU3MTU5MzI4OjE3NDU4MTkxMDc6c3BfYnRmOjMwMDE5NTU0MTIwNjgwMjo6MDo6&url=%2FPicun-B8-Bluetooth-Headphones-Hands-Free%2Fdp%2FB0CFV9XR2Q%2Fref%3Dsr_1_22_sspa%3Fdib%3DeyJ2IjoiMSJ9._a-zYBCFRaoHdCPdjE_wcMVxgN1OTMrV7gu23dZx5dWskxTTiPpkBKq1M8_PbRDV46I9CJBQefre-KYZVU8dhfCNDR-meRCDY7ViYFmNemfiKQyiMXjANfPynS2f3owGlX9I3rrDFcc32ENsqqczK8qVdNRKe5yTHowynk_bK19_MDawYx1hQhv8WoTd7DzyimAOglvON41u9-kH-kw-OYkPuawFJ0FPhYgmIaJkMDU.KNp3jY87F-1tasKEWDX37u6ovPvbcsf4VULItyeLQhk%26dib_tag%3Dse%26keywords%3Dhead%2Bphones%26qid%3D1745819107%26sr%3D8-22-spons%26sp_csd%3Dd2lkZ2V0TmFtZT1zcF9idGY%26psc%3D1
"AILIHEN C8 Headphones Wired, On-Ear Headphones with Microphone and Volume Control Foldable Corded Stereo 3.5mm Headset for Smartphones Chromebook Laptop Computer PC Tablets Travel(Black/Blue)",https://m.media-amazon.com/images/I/814EY-F9uOL._AC_UY218_.jpg,https://www.amazon.com/sspa/click?ie=UTF8&spc=MTo3NzQzMjA1MzA0NzkwMDY4OjE3NDU4MTkxMjQ6c3BfYXRmX25leHQ6MzAwMDE4MzUzNzQ0NDAyOjowOjo&url=%2FAILIHEN-C8-Headphones-Lightweight-Smartphones%2Fdp%2FB01EF5DBZ6%2Fref%3Dsr_1_17_sspa%3Fdib%3DeyJ2IjoiMSJ9.zwpnyV5WOE9RhiEbL4liWqGDR2GM2tS9JwuR0lWs0xHDVQnYitHdS6NK1hoqJ0IcV9QeBZ_2BU7wP4R1zvwypaj8nGNNRvZk5h7qMQGTX8bMCP2hxDO_Wo5pKEVolqogI_yrFoYRbplmh8F7eSa-oBhWFXMsFO05ua7rchohvh23c3-wDlYhGH6IBUCZcdb1Xh5RkrcudBsj4Va6Q0jJPkUYy1IPwfwg22oVjLP9l6A.v5GWK65vhhhSC2hbFOPXeczFZLm2dpSPgoxUYrgBWAY%26dib_tag%3Dse%26keywords%3Dhead%2Bphones%26qid%3D1745819124%26sr%3D8-17-spons%26xpid%3DDw_Gon-uRPSR0%26sp_csd%3Dd2lkZ2V0TmFtZT1zcF9hdGZfbmV4dA%26psc%3D1
"OneOdio A70 Bluetooth Over Ear Headphones, Wireless Headphones with 72H Playtime, Hi-Res, 3.5mm/6.35mm Wired Audio Jack for Studio Monitor & Mixing DJ Guitar AMP, Computer Laptop PC Tablet - Black",https://m.media-amazon.com/images/I/71lPvenXPLL._AC_UY218_.jpg,https://www.amazon.com/sspa/click?ie=UTF8&spc=MTo3NzQzMjA1MzA0NzkwMDY4OjE3NDU4MTkxMjQ6c3BfYXRmX25leHQ6MzAwNzAxNzU4MTI5OTAyOjowOjo&url=%2FOneOdio-Bluetooth-Headphones-Share-Port-Professional%2Fdp%2FB07MQQS88Q%2Fref%3Dsr_1_18_sspa%3Fdib%3DeyJ2IjoiMSJ9.zwpnyV5WOE9RhiEbL4liWqGDR2GM2tS9JwuR0lWs0xHDVQnYitHdS6NK1hoqJ0IcV9QeBZ_2BU7wP4R1zvwypaj8nGNNRvZk5h7qMQGTX8bMCP2hxDO_Wo5pKEVolqogI_yrFoYRbplmh8F7eSa-oBhWFXMsFO05ua7rchohvh23c3-wDlYhGH6IBUCZcdb1Xh5RkrcudBsj4Va6Q0jJPkUYy1IPwfwg22oVjLP9l6A.v5GWK65vhhhSC2hbFOPXeczFZLm2dpSPgoxUYrgBWAY%26dib_tag%3Dse%26keywords%3Dhead%2Bphones%26qid%3D1745819124%26sr%3D8-18-spons%26xpid%3DDw_Gon-uRPSR0%26sp_csd%3Dd2lkZ2V0TmFtZT1zcF9hdGZfbmV4dA%26psc%3D1
Wireless Bluetooth Headphones Over Ear 65H Playtime HiFi Stereo Headset with Microphone and 6EQ Modes Foldable Bluetooth V5.3 Headphones for Travel Smartphone Computer Laptop Rose Gold,https://m.media-amazon.com/images/I/61kzL5Yt1ML._AC_UY218_.jpg,https://www.amazon.com/Glynzak-Bluetooth-Headphones-Microphone-Smartphone/dp/B0BMLXSNG8/ref=sr_1_19?dib=eyJ2IjoiMSJ9.zwpnyV5WOE9RhiEbL4liWqGDR2GM2tS9JwuR0lWs0xHDVQnYitHdS6NK1hoqJ0IcV9QeBZ_2BU7wP4R1zvwypaj8nGNNRvZk5h7qMQGTX8bMCP2hxDO_Wo5pKEVolqogI_yrFoYRbplmh8F7eSa-oBhWFXMsFO05ua7rchohvh23c3-wDlYhGH6IBUCZcdb1Xh5RkrcudBsj4Va6Q0jJPkUYy1IPwfwg22oVjLP9l6A.v5GWK65vhhhSC2hbFOPXeczFZLm2dpSPgoxUYrgBWAY&dib_tag=se&keywords=head+phones&qid=1745819124&sr=8-19&xpid=Dw_Gon-uRPSR0
"KVIDIO Bluetooth Headphones Over Ear, 65 Hours Playtime Wireless Headphones with Microphone, Foldable Lightweight Headset with Deep Bass, HiFi Stereo Sound for Travel Work Cellphone",https://m.media-amazon.com/images/I/71Hx8b6HGbL._AC_UY218_.jpg,https://www.amazon.com/Bluetooth-Headphones-KVIDIO-Microphone-Lightweight/dp/B09BF64J55/ref=sr_1_20?dib=eyJ2IjoiMSJ9.zwpnyV5WOE9RhiEbL4liWqGDR2GM2tS9JwuR0lWs0xHDVQnYitHdS6NK1hoqJ0IcV9QeBZ_2BU7wP4R1zvwypaj8nGNNRvZk5h7qMQGTX8bMCP2hxDO_Wo5pKEVolqogI_yrFoYRbplmh8F7eSa-oBhWFXMsFO05ua7rchohvh23c3-wDlYhGH6IBUCZcdb1Xh5RkrcudBsj4Va6Q0jJPkUYy1IPwfwg22oVjLP9l6A.v5GWK65vhhhSC2hbFOPXeczFZLm2dpSPgoxUYrgBWAY&dib_tag=se&keywords=head+phones&qid=1745819124&sr=8-20&xpid=Dw_Gon-uRPSR0
"Sony WH-CH720N Noise Canceling Wireless Headphones Bluetooth Over The Ear Headset with Microphone and Alexa Built-in, Black New",https://m.media-amazon.com/images/I/51rpbVmi9XL._AC_UY218_.jpg,https://www.amazon.com/Sony-WH-CH720N-Canceling-Headphones-Microphone/dp/B0BS1QCFHX/ref=sr_1_21?dib=eyJ2IjoiMSJ9.zwpnyV5WOE9RhiEbL4liWqGDR2GM2tS9JwuR0lWs0xHDVQnYitHdS6NK1hoqJ0IcV9QeBZ_2BU7wP4R1zvwypaj8nGNNRvZk5h7qMQGTX8bMCP2hxDO_Wo5pKEVolqogI_yrFoYRbplmh8F7eSa-oBhWFXMsFO05ua7rchohvh23c3-wDlYhGH6IBUCZcdb1Xh5RkrcudBsj4Va6Q0jJPkUYy1IPwfwg22oVjLP9l6A.v5GWK65vhhhSC2hbFOPXeczFZLm2dpSPgoxUYrgBWAY&dib_tag=se&keywords=head+phones&qid=1745819124&sr=8-21&xpid=Dw_Gon-uRPSR0
"TOZO A1 Wireless Earbuds Bluetooth 5.3 Light Weight in Ear IPX5 Waterproof Headphones 2 Mic for AI Calls, Immersive Premium Sound Bass Headset with Charging Case, 32 Presets EQ Customization via App",https://m.media-amazon.com/images/I/71Ilitn6B+L._AC_UY218_.jpg,https://www.amazon.com/A1/dp/B09FT58QQP/ref=sr_1_22?dib=eyJ2IjoiMSJ9.zwpnyV5WOE9RhiEbL4liWqGDR2GM2tS9JwuR0lWs0xHDVQnYitHdS6NK1hoqJ0IcV9QeBZ_2BU7wP4R1zvwypaj8nGNNRvZk5h7qMQGTX8bMCP2hxDO_Wo5pKEVolqogI_yrFoYRbplmh8F7eSa-oBhWFXMsFO05ua7rchohvh23c3-wDlYhGH6IBUCZcdb1Xh5RkrcudBsj4Va6Q0jJPkUYy1IPwfwg22oVjLP9l6A.v5GWK65vhhhSC2hbFOPXeczFZLm2dpSPgoxUYrgBWAY&dib_tag=se&keywords=head+phones&qid=1745819124&sr=8-22&xpid=Dw_Gon-uRPSR0
"Koss KPH7 Lightweight Portable Headphone, Black",https://m.media-amazon.com/images/I/517nUTMioFL._AC_UY218_.jpg,https://www.amazon.com/Koss-KPH7-Lightweight-Portable-Headphone/dp/B006T9ZKAQ/ref=sr_1_23?dib=eyJ2IjoiMSJ9.zwpnyV5WOE9RhiEbL4liWqGDR2GM2tS9JwuR0lWs0xHDVQnYitHdS6NK1hoqJ0IcV9QeBZ_2BU7wP4R1zvwypaj8nGNNRvZk5h7qMQGTX8bMCP2hxDO_Wo5pKEVolqogI_yrFoYRbplmh8F7eSa-oBhWFXMsFO05ua7rchohvh23c3-wDlYhGH6IBUCZcdb1Xh5RkrcudBsj4Va6Q0jJPkUYy1IPwfwg22oVjLP9l6A.v5GWK65vhhhSC2hbFOPXeczFZLm2dpSPgoxUYrgBWAY&dib_tag=se&keywords=head+phones&qid=1745819124&sr=8-23&xpid=Dw_Gon-uRPSR0
"SHOKZ OpenRun - Open-Ear Bluetooth Bone Conduction Sport Headphones, Sweat Resistant Wireless Earphones for Workouts and Running, Built-in Mic, with Hair Band, Black",https://m.media-amazon.com/images/I/41BJP39NtLL._AC_UY218_.jpg,https://www.amazon.com/Shokz-OpenRun-Conduction-Headphones-Built/dp/B09BW1QVVT/ref=sr_1_24?dib=eyJ2IjoiMSJ9.zwpnyV5WOE9RhiEbL4liWqGDR2GM2tS9JwuR0lWs0xHDVQnYitHdS6NK1hoqJ0IcV9QeBZ_2BU7wP4R1zvwypaj8nGNNRvZk5h7qMQGTX8bMCP2hxDO_Wo5pKEVolqogI_yrFoYRbplmh8F7eSa-oBhWFXMsFO05ua7rchohvh23c3-wDlYhGH6IBUCZcdb1Xh5RkrcudBsj4Va6Q0jJPkUYy1IPwfwg22oVjLP9l6A.v5GWK65vhhhSC2hbFOPXeczFZLm2dpSPgoxUYrgBWAY&dib_tag=se&keywords=head+phones&qid=1745819124&sr=8-24&xpid=Dw_Gon-uRPSR0
"Silensys E7 Active Noise Cancelling Headphones Bluetooth Headphones with Microphone Deep Bass Wireless Headphones Over Ear, Comfortable Protein Earpads, 30 Hours Playtime for Travel/Work, Black",https://m.media-amazon.com/images/I/61v8I23yUQL._AC_UY218_.jpg,https://www.amazon.com/Silensys-Active-Noise-Cancelling-Headphones/dp/B098XGQS6G/ref=sr_1_25?dib=eyJ2IjoiMSJ9.zwpnyV5WOE9RhiEbL4liWqGDR2GM2tS9JwuR0lWs0xHDVQnYitHdS6NK1hoqJ0IcV9QeBZ_2BU7wP4R1zvwypaj8nGNNRvZk5h7qMQGTX8bMCP2hxDO_Wo5pKEVolqogI_yrFoYRbplmh8F7eSa-oBhWFXMsFO05ua7rchohvh23c3-wDlYhGH6IBUCZcdb1Xh5RkrcudBsj4Va6Q0jJPkUYy1IPwfwg22oVjLP9l6A.v5GWK65vhhhSC2hbFOPXeczFZLm2dpSPgoxUYrgBWAY&dib_tag=se&keywords=head+phones&qid=1745819124&sr=8-25&xpid=Dw_Gon-uRPSR0
"Bose QuietComfort Bluetooth Headphones, Wireless Headphones with Active Over Ear Noise Cancelling and Mic, Deep Bass, Up to 24 Hours of Playtime, Blue Dusk - Limited Edition Color",https://m.media-amazon.com/images/I/61V2OO10-wL._AC_UY218_.jpg,https://www.amazon.com/Bose-QuietComfort-Bluetooth-Headphones-Cancelling/dp/B0D4Z9BZV2/ref=sr_1_26?dib=eyJ2IjoiMSJ9.zwpnyV5WOE9RhiEbL4liWqGDR2GM2tS9JwuR0lWs0xHDVQnYitHdS6NK1hoqJ0IcV9QeBZ_2BU7wP4R1zvwypaj8nGNNRvZk5h7qMQGTX8bMCP2hxDO_Wo5pKEVolqogI_yrFoYRbplmh8F7eSa-oBhWFXMsFO05ua7rchohvh23c3-wDlYhGH6IBUCZcdb1Xh5RkrcudBsj4Va6Q0jJPkUYy1IPwfwg22oVjLP9l6A.v5GWK65vhhhSC2hbFOPXeczFZLm2dpSPgoxUYrgBWAY&dib_tag=se&keywords=head+phones&qid=1745819124&sr=8-26&xpid=Dw_Gon-uRPSR0
"RORSOU R10 Over-Ear Headphones with Microphone, Lightweight Folding Stereo Bass Headset with 1.5M No-Tangle Cord, Portable Wired Headphones for Smartphone Tablet Computer MP3 / 4 (Purple)",https://m.media-amazon.com/images/I/61LsaRvwu1S._AC_UY218_.jpg,https://www.amazon.com/sspa/click?ie=UTF8&spc=MTo3NzQzMjA1MzA0NzkwMDY4OjE3NDU4MTkxMjQ6c3BfbXRmOjIwMDA3MTExODYzODM5ODo6MDo6&url=%2FRORSOU-R10-Headphones-Microphone-Lightweight%2Fdp%2FB094N7YJM5%2Fref%3Dsr_1_27_sspa%3Fdib%3DeyJ2IjoiMSJ9.zwpnyV5WOE9RhiEbL4liWqGDR2GM2tS9JwuR0lWs0xHDVQnYitHdS6NK1hoqJ0IcV9QeBZ_2BU7wP4R1zvwypaj8nGNNRvZk5h7qMQGTX8bMCP2hxDO_Wo5pKEVolqogI_yrFoYRbplmh8F7eSa-oBhWFXMsFO05ua7rchohvh23c3-wDlYhGH6IBUCZcdb1Xh5RkrcudBsj4Va6Q0jJPkUYy1IPwfwg22oVjLP9l6A.v5GWK65vhhhSC2hbFOPXeczFZLm2dpSPgoxUYrgBWAY%26dib_tag%3Dse%26keywords%3Dhead%2Bphones%26qid%3D1745819124%26sr%3D8-27-spons%26xpid%3DDw_Gon-uRPSR0%26sp_csd%3Dd2lkZ2V0TmFtZT1zcF9tdGY%26psc%3D1
"MOVSSOU E7 Active Noise Cancelling Headphones Bluetooth Headphones Wireless Headphones Over Ear with Microphone Deep Bass, Comfortable Protein Earpads, 30 Hours Playtime for Travel/Work, Black",https://m.media-amazon.com/images/I/716ptOGRg9L._AC_UY218_.jpg,https://www.amazon.com/sspa/click?ie=UTF8&spc=MTo3NzQzMjA1MzA0NzkwMDY4OjE3NDU4MTkxMjQ6c3BfbXRmOjMwMDU3NDc2OTc1NDUwMjo6MDo6&url=%2FActive-Noise-Cancelling-Headphones-Comfortable%2Fdp%2FB095BV8R27%2Fref%3Dsr_1_28_sspa%3Fdib%3DeyJ2IjoiMSJ9.zwpnyV5WOE9RhiEbL4liWqGDR2GM2tS9JwuR0lWs0xHDVQnYitHdS6NK1hoqJ0IcV9QeBZ_2BU7wP4R1zvwypaj8nGNNRvZk5h7qMQGTX8bMCP2hxDO_Wo5pKEVolqogI_yrFoYRbplmh8F7eSa-oBhWFXMsFO05ua7rchohvh23c3-wDlYhGH6IBUCZcdb1Xh5RkrcudBsj4Va6Q0jJPkUYy1IPwfwg22oVjLP9l6A.v5GWK65vhhhSC2hbFOPXeczFZLm2dpSPgoxUYrgBWAY%26dib_tag%3Dse%26keywords%3Dhead%2Bphones%26qid%3D1745819124%26sr%3D8-28-spons%26xpid%3DDw_Gon-uRPSR0%26sp_csd%3Dd2lkZ2V0TmFtZT1zcF9tdGY%26psc%3D1
"Boean Bluetooth Headphones, Wireless Headphones with 16 Hours Playtime Bluetooth 5.3 Wireless Earbuds HD Deep Bass Stereo Sound Isolation IPX7 Waterproof Earphones for Workout Running Sports",https://m.media-amazon.com/images/I/618sOXqdTXL._AC_UY218_.jpg,https://www.amazon.com/Bluetooth-Headphones-Waterproof-Earphones-Cancelling/dp/B09KGLRF8J/ref=sr_1_29?dib=eyJ2IjoiMSJ9.zwpnyV5WOE9RhiEbL4liWqGDR2GM2tS9JwuR0lWs0xHDVQnYitHdS6NK1hoqJ0IcV9QeBZ_2BU7wP4R1zvwypaj8nGNNRvZk5h7qMQGTX8bMCP2hxDO_Wo5pKEVolqogI_yrFoYRbplmh8F7eSa-oBhWFXMsFO05ua7rchohvh23c3-wDlYhGH6IBUCZcdb1Xh5RkrcudBsj4Va6Q0jJPkUYy1IPwfwg22oVjLP9l6A.v5GWK65vhhhSC2hbFOPXeczFZLm2dpSPgoxUYrgBWAY&dib_tag=se&keywords=head+phones&qid=1745819124&sr=8-29&xpid=Dw_Gon-uRPSR0
"soundcore Life Q30 by Anker, Hybrid Active Noise Cancelling Headphones with Multiple Modes, Hi-Res Sound, Custom EQ via App, 50H Playtime, Comfortable Fit, Bluetooth, Multipoint Connection",https://m.media-amazon.com/images/I/61K3Y0MZMpL._AC_UY218_.jpg,https://www.amazon.com/Soundcore-Cancelling-Headphones-Comfortable-Bluetooth/dp/B08HMWZBXC/ref=sr_1_30?dib=eyJ2IjoiMSJ9.zwpnyV5WOE9RhiEbL4liWqGDR2GM2tS9JwuR0lWs0xHDVQnYitHdS6NK1hoqJ0IcV9QeBZ_2BU7wP4R1zvwypaj8nGNNRvZk5h7qMQGTX8bMCP2hxDO_Wo5pKEVolqogI_yrFoYRbplmh8F7eSa-oBhWFXMsFO05ua7rchohvh23c3-wDlYhGH6IBUCZcdb1Xh5RkrcudBsj4Va6Q0jJPkUYy1IPwfwg22oVjLP9l6A.v5GWK65vhhhSC2hbFOPXeczFZLm2dpSPgoxUYrgBWAY&dib_tag=se&keywords=head+phones&qid=1745819124&sr=8-30&xpid=Dw_Gon-uRPSR0
"Wired Earbuds with Microphone 5 Pack, in-Ear Headphones with Heavy Bass, High Sound Quality Earphones Compatible with iPad, Laptop, MP3, Android Smartphones, Fits All 3.5mm Jack Device",https://m.media-amazon.com/images/I/713Ivks+PHL._AC_UY218_.jpg,https://www.amazon.com/Earbuds-Microphone-Headphones-Earphones-Compatible/dp/B09MQGTP7Y/ref=sr_1_31?dib=eyJ2IjoiMSJ9.zwpnyV5WOE9RhiEbL4liWqGDR2GM2tS9JwuR0lWs0xHDVQnYitHdS6NK1hoqJ0IcV9QeBZ_2BU7wP4R1zvwypaj8nGNNRvZk5h7qMQGTX8bMCP2hxDO_Wo5pKEVolqogI_yrFoYRbplmh8F7eSa-oBhWFXMsFO05ua7rchohvh23c3-wDlYhGH6IBUCZcdb1Xh5RkrcudBsj4Va6Q0jJPkUYy1IPwfwg22oVjLP9l6A.v5GWK65vhhhSC2hbFOPXeczFZLm2dpSPgoxUYrgBWAY&dib_tag=se&keywords=head+phones&qid=1745819124&sr=8-31&xpid=Dw_Gon-uRPSR0
"Bose Ultra Open Bluetooth Earbuds, True Wireless Earbuds with OpenAudio for Awareness, Clip On Design for Comfort, Immersive Audio, Up to 48 Hrs of Playtime, Diamond - 60th Anniversary Edition",https://m.media-amazon.com/images/I/51uksj6sWQL._AC_UY218_.jpg,https://www.amazon.com/Bose-Earbuds-Immersive-OpenAudio-Awareness/dp/B0D6RSCT69/ref=sr_1_32?dib=eyJ2IjoiMSJ9.zwpnyV5WOE9RhiEbL4liWqGDR2GM2tS9JwuR0lWs0xHDVQnYitHdS6NK1hoqJ0IcV9QeBZ_2BU7wP4R1zvwypaj8nGNNRvZk5h7qMQGTX8bMCP2hxDO_Wo5pKEVolqogI_yrFoYRbplmh8F7eSa-oBhWFXMsFO05ua7rchohvh23c3-wDlYhGH6IBUCZcdb1Xh5RkrcudBsj4Va6Q0jJPkUYy1IPwfwg22oVjLP9l6A.v5GWK65vhhhSC2hbFOPXeczFZLm2dpSPgoxUYrgBWAY&dib_tag=se&keywords=head+phones&qid=1745819124&sr=8-32&xpid=Dw_Gon-uRPSR0
"AILIHEN C8 Headphones Wired, On-Ear Headphones with Microphone and Volume Control Foldable Corded Stereo 3.5mm Headset for Smartphones Chromebook Laptop Computer PC Tablets Travel(Black/Blue)",https://m.media-amazon.com/images/I/814EY-F9uOL._AC_UY218_.jpg,https://www.amazon.com/AILIHEN-C8-Headphones-Lightweight-Smartphones/dp/B01EF5DBZ6/ref=sr_1_33?dib=eyJ2IjoiMSJ9.zwpnyV5WOE9RhiEbL4liWqGDR2GM2tS9JwuR0lWs0xHDVQnYitHdS6NK1hoqJ0IcV9QeBZ_2BU7wP4R1zvwypaj8nGNNRvZk5h7qMQGTX8bMCP2hxDO_Wo5pKEVolqogI_yrFoYRbplmh8F7eSa-oBhWFXMsFO05ua7rchohvh23c3-wDlYhGH6IBUCZcdb1Xh5RkrcudBsj4Va6Q0jJPkUYy1IPwfwg22oVjLP9l6A.v5GWK65vhhhSC2hbFOPXeczFZLm2dpSPgoxUYrgBWAY&dib_tag=se&keywords=head+phones&qid=1745819124&sr=8-33&xpid=Dw_Gon-uRPSR0
"Uliptz Wireless Bluetooth Headphones, 65H Playtime, 6 EQ Sound Modes, HiFi Stereo Over Ear Headphones with Microphone, Foldable Lightweight Bluetooth 5.3 Headphones for Travel/Office/Cellphone/PC",https://m.media-amazon.com/images/I/61-ZTbzw6oL._AC_UY218_.jpg,https://www.amazon.com/Uliptz-Bluetooth-Headphones-Microphone-Lightweight/dp/B09NNBBY8F/ref=sr_1_34?dib=eyJ2IjoiMSJ9.zwpnyV5WOE9RhiEbL4liWqGDR2GM2tS9JwuR0lWs0xHDVQnYitHdS6NK1hoqJ0IcV9QeBZ_2BU7wP4R1zvwypaj8nGNNRvZk5h7qMQGTX8bMCP2hxDO_Wo5pKEVolqogI_yrFoYRbplmh8F7eSa-oBhWFXMsFO05ua7rchohvh23c3-wDlYhGH6IBUCZcdb1Xh5RkrcudBsj4Va6Q0jJPkUYy1IPwfwg22oVjLP9l6A.v5GWK65vhhhSC2hbFOPXeczFZLm2dpSPgoxUYrgBWAY&dib_tag=se&keywords=head+phones&qid=1745819124&sr=8-34&xpid=Dw_Gon-uRPSR0
"Headphones Wired with Microphone, Over Ear Foldable 3.5mm Plug in Headphones with 4.9ft Tangle-Free Nylon Cord for Tablet, Laptop, MP3/4, Airplane Travel (Beige)",https://m.media-amazon.com/images/I/61LkSC2WBdL._AC_UY218_.jpg,https://www.amazon.com/Botesty-Sound-Headphones-Microphone-Tangle-Free/dp/B0DMP36MVC/ref=sr_1_35?dib=eyJ2IjoiMSJ9.zwpnyV5WOE9RhiEbL4liWqGDR2GM2tS9JwuR0lWs0xHDVQnYitHdS6NK1hoqJ0IcV9QeBZ_2BU7wP4R1zvwypaj8nGNNRvZk5h7qMQGTX8bMCP2hxDO_Wo5pKEVolqogI_yrFoYRbplmh8F7eSa-oBhWFXMsFO05ua7rchohvh23c3-wDlYhGH6IBUCZcdb1Xh5RkrcudBsj4Va6Q0jJPkUYy1IPwfwg22oVjLP9l6A.v5GWK65vhhhSC2hbFOPXeczFZLm2dpSPgoxUYrgBWAY&dib_tag=se&keywords=head+phones&qid=1745819124&sr=8-35&xpid=Dw_Gon-uRPSR0
Sony MDR7506 Professional Large Diaphragm Headphone,https://m.media-amazon.com/images/I/51F-Ok9xuzL._AC_UY218_.jpg,https://www.amazon.com/Sony-MDR7506-Professional-Diaphragm-Headphone/dp/B000AJIF4E/ref=sr_1_36?dib=eyJ2IjoiMSJ9.zwpnyV5WOE9RhiEbL4liWqGDR2GM2tS9JwuR0lWs0xHDVQnYitHdS6NK1hoqJ0IcV9QeBZ_2BU7wP4R1zvwypaj8nGNNRvZk5h7qMQGTX8bMCP2hxDO_Wo5pKEVolqogI_yrFoYRbplmh8F7eSa-oBhWFXMsFO05ua7rchohvh23c3-wDlYhGH6IBUCZcdb1Xh5RkrcudBsj4Va6Q0jJPkUYy1IPwfwg22oVjLP9l6A.v5GWK65vhhhSC2hbFOPXeczFZLm2dpSPgoxUYrgBWAY&dib_tag=se&keywords=head+phones&qid=1745819124&sr=8-36&xpid=Dw_Gon-uRPSR0
"Picun B8 Bluetooth Headphones, 120H Playtime Headphones Wireless Bluetooth with 3 EQ Modes, Low Latency, Hands-Free Calls, Over Ear Headphones for Travel Home Office Cellphone PC Black",https://m.media-amazon.com/images/I/714leNyXHIL._AC_UY218_.jpg,https://www.amazon.com/sspa/click?ie=UTF8&spc=MTo3NzQzMjA1MzA0NzkwMDY4OjE3NDU4MTkxMjQ6c3BfYnRmOjMwMDE5NTU0MTIwNjgwMjo6MDo6&url=%2FPicun-B8-Bluetooth-Headphones-Hands-Free%2Fdp%2FB0CFV9XR2Q%2Fref%3Dsr_1_37_sspa%3Fdib%3DeyJ2IjoiMSJ9.zwpnyV5WOE9RhiEbL4liWqGDR2GM2tS9JwuR0lWs0xHDVQnYitHdS6NK1hoqJ0IcV9QeBZ_2BU7wP4R1zvwypaj8nGNNRvZk5h7qMQGTX8bMCP2hxDO_Wo5pKEVolqogI_yrFoYRbplmh8F7eSa-oBhWFXMsFO05ua7rchohvh23c3-wDlYhGH6IBUCZcdb1Xh5RkrcudBsj4Va6Q0jJPkUYy1IPwfwg22oVjLP9l6A.v5GWK65vhhhSC2hbFOPXeczFZLm2dpSPgoxUYrgBWAY%26dib_tag%3Dse%26keywords%3Dhead%2Bphones%26qid%3D1745819124%26sr%3D8-37-spons%26xpid%3DDw_Gon-uRPSR0%26sp_csd%3Dd2lkZ2V0TmFtZT1zcF9idGY%26psc%3D1
"ELECDER i45 On-Ear Headphones with Microphone, Foldable Stereo Bass, 1.5M No-Tangle Cord, 3.5MM Jack, Portable Wired Headphones for School, Kids, Teens, Smartphones, Tablet, Travel - Black",https://m.media-amazon.com/images/I/71+LJXxKZ3L._AC_UY218_.jpg,https://www.amazon.com/sspa/click?ie=UTF8&spc=MTo3NzQzMjA1MzA0NzkwMDY4OjE3NDU4MTkxMjQ6c3BfYnRmOjMwMDQzNjAyOTM5MTkwMjo6MDo6&url=%2FElecder-i45-Ear-Headphones-Microphone%2Fdp%2FB09XV5PLP7%2Fref%3Dsr_1_38_sspa%3Fdib%3DeyJ2IjoiMSJ9.zwpnyV5WOE9RhiEbL4liWqGDR2GM2tS9JwuR0lWs0xHDVQnYitHdS6NK1hoqJ0IcV9QeBZ_2BU7wP4R1zvwypaj8nGNNRvZk5h7qMQGTX8bMCP2hxDO_Wo5pKEVolqogI_yrFoYRbplmh8F7eSa-oBhWFXMsFO05ua7rchohvh23c3-wDlYhGH6IBUCZcdb1Xh5RkrcudBsj4Va6Q0jJPkUYy1IPwfwg22oVjLP9l6A.v5GWK65vhhhSC2hbFOPXeczFZLm2dpSPgoxUYrgBWAY%26dib_tag%3Dse%26keywords%3Dhead%2Bphones%26qid%3D1745819124%26sr%3D8-38-spons%26xpid%3DDw_Gon-uRPSR0%26sp_csd%3Dd2lkZ2V0TmFtZT1zcF9idGY%26psc%3D1
